start;goal;0;10;20;30;40;50;60;70;80;90;100;110;120;130;140;150;160;170;180;190;200;210;220;230;240;250;260;270;280;290;300;310;320;330;340;350;360;370;380;390;400;410;420;430;440;450;460;470;480;490;500;510;520;530;540;550;560;570;580;590;600;610;620;630;640;650;660;670;680;690;700;710;720;730;740;750;760;770;780;790;800;810;820;830;840;850;860;870;880;890;900;910;920;930;940;950;960;970;980;990;1000
n0_0;n0_1;39.422549;39.422549;39.319240;39.012450;38.511502;37.831616;36.993451;36.022473;34.948186;33.803231;32.622397;31.441563;30.296608;29.222321;28.251344;27.413178;26.733293;26.232344;25.925554;25.925554;25.833103;25.558024;25.107092;24.491410;23.726138;22.830120;21.825418;20.736771;19.590987;18.416277;17.241567;16.095783;15.007137;14.002435;13.106416;12.341144;11.725462;11.274530;10.999452;10.999452;10.971130;10.886332;10.745556;10.549627;10.299694;9.997226;9.643996;9.242078;8.793831;8.301884;7.769125;7.198680;6.593897;5.958324;5.295693;4.609890;3.904942;3.184984;2.454242;1.717004;0.977597;0.240359;0.000000;0.000000;0.000000;0.000000;0.000000;0.000000;0.000000;0.000000;0.000000;0.000000;0.000000;0.000000;0.000000;0.000000;0.000000;0.000000;0.000000;0.000000;0.000000;0.000000;0.000000;0.000000;0.000000;0.000000;0.000000;0.000000;0.000000;0.000000;0.000000;0.000000;0.000000;0.000000;0.000000;0.000000;0.000000;0.000000;0.000000;0.000000;0.000000
n0_1;n0_0;97.995537;97.995537;97.922555;97.705239;97.348445;96.860141;96.251237;95.535333;94.728423;93.848530;92.915311;91.949612;90.973005;90.007306;89.074086;88.194194;87.387283;86.671380;86.062475;85.574172;85.217377;85.000062;85.000062;85.089753;85.334795;85.669528;86.004261;86.249303;86.249303;86.249303;86.249303;86.249303;86.249303;86.249303;86.249303;86.249303;86.249303;86.249303;86.249303;86.249303;86.048090;85.468718;84.581070;83.492208;82.333466;81.244604;80.356956;79.777585;79.777585;79.756320;79.692615;79.586744;79.439160;79.250494;79.021556;78.753324;78.446948;78.103739;77.725168;77.312855;76.868566;76.394204;75.891799;75.363504;74.811579;74.238390;73.646390;73.038114;72.416168;71.783213;71.141962;70.495159;69.845574;69.195989;68.549186;67.907935;67.274980;66.653034;66.044758;65.452758;64.879569;64.327644;63.799349;63.296944;62.822582;62.378293;61.965980;61.587409;61.244200;60.937824;60.669592;60.440654;60.251988;60.104404;59.998533;59.934828;59.934828;59.857310;59.625550;59.241927;58.710378
n0_1;n0_2;4.770010;4.770010;4.831860;5.007996;5.271601;5.582545;5.893488;6.157093;6.333229;6.333229;6.333229;6.333229;6.333229;6.333229;6.333229;6.333229;6.333229;6.333229;6.333229;6.333229;6.333229;6.333229;6.333229;6.333229;6.333229;6.333229;6.333229;6.333229;6.333229;6.333229;6.333229;6.333229;6.333229;6.333229;6.333229;6.333229;6.333229;6.333229;6.333229;6.333229;6.333229;6.333229;6.333229;6.333229;6.333229;6.333229;6.333229;6.333229;6.333229;6.333229;6.333229;6.333229;6.339596;6.358652;6.390260;6.434191;6.490129;6.557672;6.636332;6.725543;6.824662;6.932975;7.049701;7.174000;7.304976;7.441684;7.583141;7.728327;7.876196;8.025682;8.175709;8.325196;8.473064;8.618250;8.759707;8.896416;9.027392;9.151690;9.268417;9.376729;9.475848;9.565059;9.643719;9.711262;9.767201;9.811132;9.842739;9.861796;9.861796;9.861796;9.861796;9.861796;9.861796;9.861796;9.861796;9.861796;9.861796;9.861796;9.861796;9.861796;9.861796
n0_2;n0_1;66.941861;66.941861;66.935967;66.918346;66.889178;66.848762;66.797515;66.735960;66.664730;66.584556;66.496260;66.400750;66.299003;66.192065;66.081034;65.967047;65.851276;65.734908;65.619136;65.505150;65.394118;65.287180;65.185434;65.089923;65.001628;64.921454;64.850224;64.788669;64.737421;64.697006;64.667838;64.650216;64.650216;64.666096;64.713665;64.792710;64.902878;65.043677;65.214479;65.414520;65.642908;65.898621;66.180519;66.487341;66.817718;67.170175;67.543136;67.934936;68.343826;68.767979;69.205500;69.654436;70.112782;70.578491;71.049481;71.523651;71.998883;72.473053;72.944043;73.409752;73.868098;74.317034;74.754555;75.178708;75.587598;75.979398;76.352359;76.704816;77.035193;77.342015;77.623913;77.879626;78.108014;78.308055;78.478857;78.619656;78.729824;78.808869;78.856438;78.856438;78.854171;78.847414;78.836291;78.821010;78.801856;78.779185;78.753420;78.725041;78.694576;78.662593;78.629688;78.596473;78.563568;78.531585;78.501120;78.472741;78.446976;78.424306;78.405151;78.389871;78.378748
n1_0;n1_1;75.198091;75.198091;75.198091;75.198091;75.198091;75.198091;75.198091;75.198091;75.198091;75.198091;75.198091;75.198091;75.198091;75.198091;75.198091;75.198091;75.198091;75.198091;75.198091;75.198091;75.198091;75.198091;75.198091;75.198091;75.198091;75.198091;75.198091;75.198091;75.198091;75.198091;75.198091;75.198091;75.198091;75.198091;75.198091;75.198091;75.198091;75.198091;75.198091;75.198091;75.198091;75.170503;75.088211;74.952621;74.766056;74.531706;74.253582;73.936441;73.585712;73.207394;72.807962;72.394248;71.973333;71.552417;71.138704;70.739271;70.360953;70.010224;69.693084;69.414960;69.180610;68.994044;68.858455;68.776162;68.776162;68.869022;69.145710;69.600594;70.224414;71.004470;71.924884;72.966918;74.109358;75.328950;76.600864;77.899209;79.197554;80.469469;81.689060;82.831501;83.873534;84.793948;85.574005;86.197825;86.652709;86.929397;86.929397;86.915464;86.873772;86.804638;86.708588;86.586353;86.438863;86.267242;86.072794;85.857000;85.621503;85.368094;85.098702;84.815377;84.520276
n1_1;n1_0;14.655301;14.655301;14.655301;14.655301;14.655301;14.655301;14.655301;14.655301;14.655301;14.655301;14.655301;14.655301;14.655301;14.655301;14.655301;14.655301;14.655301;14.655301;14.655301;14.655301;14.655301;14.655301;14.655301;14.655301;14.655301;14.655301;14.655301;14.655301;14.655301;14.655301;14.655301;14.655301;14.655301;14.655301;14.655301;14.655301;14.655301;14.655301;14.500176;14.058416;13.397276;12.617408;11.837539;11.176399;10.734639;10.734639;10.734639;10.734639;10.734639;10.734639;10.734639;10.734639;10.734639;10.734639;10.734639;10.734639;10.837855;11.143534;11.639930;12.307967;13.121973;14.050665;15.058355;16.106317;17.154280;18.161969;19.090662;19.904667;20.572704;21.069101;21.374780;21.374780;21.374780;21.374780;21.374780;21.374780;21.374780;21.374780;21.374780;21.374780;21.374780;21.374780;21.374780;21.374780;21.374780;21.374780;21.374780;21.374780;21.374780;21.374780;21.374780;21.374780;21.374780;21.374780;21.374780;21.374780;21.374780;21.374780;21.374780;21.374780;21.339838
n1_1;n1_2;59.633983;59.633983;59.624901;59.597719;59.552620;59.489915;59.410030;59.313513;59.201021;59.073323;58.931292;58.775899;58.608203;58.429352;58.240566;58.043136;57.838409;57.627785;57.412702;57.194630;56.975058;56.755485;56.537413;56.322330;56.111706;55.906979;55.709549;55.520763;55.341912;55.174217;55.018823;54.876792;54.749094;54.636603;54.540085;54.460200;54.397495;54.352397;54.325214;54.325214;54.380756;54.547098;54.823392;55.208232;55.699655;56.295157;56.991705;57.785748;58.673241;59.649660;60.710030;61.848948;63.060611;64.338843;65.677131;67.068656;68.506327;69.982817;71.490603;73.022001;74.569208;76.124340;77.679472;79.226679;80.758078;82.265864;83.742354;85.180025;86.571550;87.909838;89.188070;90.399732;91.538650;92.599021;93.575440;94.462932;95.256976;95.953523;96.549026;97.040449;97.425288;97.701583;97.867925;97.867925;97.867925;97.867925;97.867925;97.867925;97.867925;97.867925;97.867925;97.867925;97.867925;97.867925;97.867925;97.867925;97.867925;97.867925;97.867925;97.867925;97.867925
n1_2;n1_1;13.870082;13.870082;13.870082;13.870082;13.870082;13.870082;13.870082;13.870082;13.870082;13.870082;13.870082;13.870082;13.870082;13.870082;13.870082;13.870082;13.870082;13.870082;13.870082;13.870082;13.870082;13.870082;13.870082;13.870082;13.870082;13.870082;13.870082;13.870082;13.870082;13.870082;13.870082;13.870082;13.870082;13.870082;13.870082;13.870082;13.870082;13.870082;13.870082;13.927705;14.099501;14.382270;14.770744;15.257686;15.834027;16.489029;17.210491;17.984975;18.798051;19.634576;20.478965;21.315489;22.128566;22.903049;23.624512;24.279514;24.855854;25.342797;25.731271;26.014039;26.185835;26.185835;26.185835;26.185835;26.185835;26.185835;26.185835;26.185835;26.185835;26.185835;26.185835;26.185835;26.185835;26.185835;26.185835;26.185835;26.185835;26.185835;26.185835;26.185835;26.185835;26.185835;26.185835;26.185835;26.185835;26.185835;26.185835;26.185835;26.185835;26.185835;26.185835;26.185835;26.185835;26.185835;26.185835;26.185835;26.185835;26.185835;26.185835;26.185835;26.185835
n2_0;n2_1;54.416206;54.416206;54.441113;54.515155;54.636313;54.801280;55.005558;55.243575;55.508837;55.794110;56.091611;56.393226;56.690727;56.976000;57.241262;57.479279;57.683557;57.848525;57.969682;58.043724;58.043724;57.958652;57.705169;57.288435;56.716934;56.002298;55.159077;54.204436;53.157809;52.040502;50.875259;49.685803;48.496347;47.331105;46.213798;45.167170;44.212529;43.369308;42.654673;42.083171;41.666437;41.412954;41.412954;41.412954;41.412954;41.412954;41.412954;41.412954;41.412954;41.412954;41.412954;41.412954;41.412954;41.412954;41.412954;41.412954;41.412954;41.412954;41.412954;41.412954;41.412954;41.412954;41.412954;41.412954;41.412954;41.412954;41.412954;41.412954;41.412954;41.412954;41.412954;41.412954;41.412954;41.412954;41.412954;41.412954;41.412954;41.412954;41.412954;41.412954;41.412954;41.412954;41.412954;41.412954;41.412954;41.412954;41.412954;41.412954;41.412954;41.412954;41.412954;41.412954;41.412954;41.412954;41.412954;41.412954;41.412954;41.412954;41.412954;41.412954;41.412954
n2_1;n2_0;25.585174;25.585174;25.579569;25.562834;25.535213;25.497110;25.449080;25.391824;25.326176;25.253093;25.173642;25.088981;25.000344;24.909024;24.816353;24.723682;24.632362;24.543725;24.459064;24.379613;24.306530;24.240882;24.183626;24.135596;24.097493;24.069873;24.053138;24.053138;24.064996;24.100464;24.159220;24.240732;24.344262;24.468872;24.613435;24.776640;24.957009;25.152910;25.362568;25.584084;25.815453;26.054578;26.299295;26.547388;26.796608;27.044701;27.289418;27.528543;27.759912;27.981428;28.191086;28.386987;28.567356;28.730561;28.875123;28.999734;29.103264;29.184776;29.243532;29.279000;29.279000;29.279000;29.279000;29.279000;29.279000;29.279000;29.279000;29.279000;29.279000;29.279000;29.279000;29.279000;29.279000;29.279000;29.279000;29.279000;29.279000;29.279000;29.279000;29.279000;29.279000;29.279000;29.279000;29.279000;29.279000;29.279000;29.279000;29.279000;29.279000;29.279000;29.279000;29.279000;29.279000;29.279000;29.279000;29.279000;29.279000;29.279000;29.279000;29.279000;29.279000
n2_1;n2_2;52.296734;52.296734;52.296734;52.296734;52.296734;52.296734;52.296734;52.296734;52.296734;52.296734;52.296734;52.296734;52.296734;52.296734;52.296734;52.296734;52.296734;52.296734;52.296734;52.296734;52.296734;52.296734;52.296734;52.296734;52.296734;52.296734;52.296734;52.296734;52.296734;52.296734;52.296734;52.296734;52.296734;52.296734;52.296734;52.296734;52.296734;52.296734;52.296734;52.296734;52.296734;52.296734;52.296734;52.296734;52.296734;52.296734;52.296734;52.296734;52.296734;52.296734;52.296734;52.296734;52.296734;52.296734;52.296734;52.296734;52.296734;52.296734;52.296734;52.296734;52.296734;52.296734;52.405740;52.730536;53.264513;53.996798;54.912485;55.992934;57.216150;58.557230;59.988876;61.481942;63.006034;64.530126;66.023192;67.454838;68.795918;70.019134;71.099583;72.015270;72.747556;73.281532;73.606328;73.606328;73.492477;73.155898;72.611302;71.882490;71.001316;70.006289;68.940899;67.851707;66.786317;65.791290;64.910115;64.181304;63.636708;63.300129;63.300129;63.883548;0.000000
n2_2;n2_1;7.125850;7.125850;7.140017;7.182435;7.252855;7.350864;7.475886;7.627188;7.803882;8.004932;8.229156;8.475240;8.741739;9.027090;9.329617;9.647546;9.979010;10.322066;10.674698;11.034839;11.400374;11.769158;12.139028;12.507812;12.873348;13.233488;13.586121;13.929176;14.260640;14.578569;14.881096;15.166447;15.432946;15.679030;15.903255;16.104304;16.280998;16.432300;16.557322;16.655331;16.725751;16.768169;16.768169;16.732200;16.624602;16.446291;16.198789;15.884209;15.505232;15.065094;14.567549;14.016842;13.417671;12.775148;12.094756;11.382298;10.643854;9.885723;9.114374;8.336387;7.558401;6.787052;6.028921;5.290477;4.578019;3.897626;3.255104;2.655933;2.105226;1.607680;1.167542;0.788566;0.473985;0.226484;0.048173;0.000000;0.000000;0.021524;0.085964;0.192921;0.341738;0.531495;0.761024;1.028909;1.333499;1.672915;2.045065;2.447655;2.878203;3.334053;3.812396;4.310283;4.824643;5.352306;5.890019;6.434465;6.982289;7.530113;8.074560;8.612272;9.139935
n0;n0_0;91.930673;91.930673;92.022738;92.289922;92.706071;93.230448;93.811725;94.393003;94.917380;95.333529;95.600713;95.600713;95.600713;95.600713;95.600713;95.600713;95.600713;95.600713;95.600713;95.600713;95.600713;95.600713;95.600713;95.600713;95.600713;95.600713;95.600713;95.600713;95.600713;95.600713;95.600713;95.600713;95.600713;95.600713;95.600713;95.600713;95.600713;95.600713;95.600713;95.600713;95.600713;95.600713;95.600713;95.600713;95.600713;95.600713;95.600713;95.600713;95.600713;95.600713;95.721203;96.078042;96.657519;97.437362;98.387605;99.471729;100.000000;100.000000;100.000000;100.000000;100.000000;100.000000;100.000000;100.000000;100.000000;100.000000;100.000000;100.000000;100.000000;100.000000;100.000000;100.000000;100.000000;100.000000;100.000000;100.000000;100.000000;100.000000;100.000000;100.000000;100.000000;100.000000;100.000000;100.000000;100.000000;100.000000;100.000000;100.000000;100.000000;100.000000;100.000000;100.000000;100.000000;100.000000;100.000000;100.000000;100.000000;100.000000;100.000000;100.000000;100.000000
n0_0;n0;49.427101;49.427101;49.461582;49.564824;49.736220;49.974765;50.279059;50.647316;51.077375;51.566712;52.112455;52.711403;53.360040;54.054560;54.790886;55.564698;56.371456;57.206423;58.064702;58.941254;59.830936;60.728526;61.628759;62.526350;63.416032;64.292584;65.150862;65.985830;66.792587;67.566399;68.302726;68.997245;69.645882;70.244830;70.790574;71.279911;71.709969;72.078226;72.382520;72.621065;72.792461;72.895703;72.895703;72.956684;73.139135;73.441589;73.861609;74.395814;75.039903;75.788689;76.636145;77.575447;78.599031;79.698658;80.865473;82.090083;83.362626;84.672857;86.010227;87.363969;88.723182;90.076924;91.414295;92.724526;93.997069;95.221678;96.388493;97.488120;98.511705;99.451007;100.000000;100.000000;100.000000;100.000000;100.000000;100.000000;100.000000;100.000000;100.000000;100.000000;100.000000;100.000000;100.000000;100.000000;100.000000;100.000000;100.000000;100.000000;100.000000;100.000000;100.000000;100.000000;100.000000;100.000000;100.000000;100.000000;100.000000;100.000000;100.000000;100.000000;100.000000
n0;n1_0;72.944110;72.944110;72.984506;73.082032;73.179557;73.179557;73.149599;73.060392;72.913929;72.713483;72.463531;72.169657;71.838424;71.477233;71.094151;70.697737;70.296845;69.900431;69.517349;69.156158;68.824926;68.531051;68.281099;68.080653;67.934191;67.844984;67.844984;67.888586;68.018944;68.234722;68.533705;68.912824;69.368190;69.895130;70.488237;71.141425;71.847990;72.600684;73.391781;74.213165;75.056407;75.912855;76.773718;77.630166;78.473408;79.294792;80.085889;80.838583;81.545148;82.198336;82.791443;83.318383;83.773749;84.152868;84.451851;84.667629;84.797987;84.797987;84.797987;84.797987;84.797987;84.797987;84.797987;84.797987;84.797987;84.797987;84.797987;84.797987;84.797987;84.797987;84.797987;84.797987;84.797987;84.797987;84.797987;84.797987;84.797987;84.797987;84.797987;84.797987;84.797987;84.797987;84.797987;84.797987;84.797987;84.797987;84.797987;84.797987;84.797987;84.797987;84.797987;84.797987;84.797987;84.797987;84.797987;84.797987;84.797987;84.797987;84.797987;84.797987;84.797987
n1_0;n0;84.831392;84.831392;84.653882;84.131668;83.295101;82.192797;80.888819;79.458949;77.986287;76.556417;75.252439;74.150135;73.313567;72.791354;72.791354;73.491429;74.891580;74.891580;74.891580;74.891580;74.891580;74.891580;74.891580;74.891580;74.891580;74.891580;74.891580;74.891580;74.891580;74.891580;74.891580;74.891580;74.891580;74.891580;74.891580;74.891580;74.891580;74.891580;74.891580;74.891580;74.891580;74.891580;74.891580;74.891580;74.891580;74.891580;74.891580;74.891580;74.891580;74.891580;74.891580;74.891580;74.891580;74.891580;74.891580;74.891580;74.891580;74.891580;74.891580;74.891580;74.891580;74.891580;74.891580;74.891580;74.891580;74.891580;74.891580;74.891580;74.891580;74.891580;74.891580;74.891580;74.891580;74.891580;74.891580;74.891580;74.891580;74.891580;74.891580;74.891580;74.891580;74.891580;74.891580;74.891580;74.891580;74.850627;74.728282;74.526083;74.246575;73.893270;73.470614;72.983920;72.439309;71.843631;71.204375;70.529581;69.827735;69.107664;68.378421;67.649179;66.929107
n0;n2_0;84.240530;84.240530;84.079943;83.758768;83.758768;83.748103;83.716212;83.663401;83.590179;83.497252;83.385513;83.256040;83.110079;82.949036;82.774462;82.588038;82.391559;82.186918;81.976085;81.761091;81.544007;81.326922;81.111928;80.901096;80.696455;80.499976;80.313552;80.138977;79.977934;79.831974;79.702500;79.590762;79.497835;79.424613;79.371802;79.339911;79.339911;79.339911;79.339911;79.339911;79.339911;79.339911;79.339911;79.339911;79.339911;79.339911;79.339911;79.339911;79.339911;79.339911;79.339911;79.339911;79.339911;79.339911;79.339911;79.339911;79.339911;79.339911;79.339911;79.339911;79.339911;79.339911;79.339911;79.333669;79.315019;79.284178;79.241508;79.187509;79.122815;79.048184;78.964490;78.872715;78.773936;78.669310;78.560063;78.447477;78.332872;78.217590;78.102985;77.990399;77.881152;77.776526;77.677747;77.585972;77.502278;77.427647;77.362953;77.308954;77.266284;77.235443;77.216793;77.216793;77.321473;77.622888;78.084683;78.651158;79.253988;79.820463;80.282258;80.583673;0.000000
n2_0;n0;29.117699;29.117699;29.081646;28.973663;28.794275;28.544356;28.225124;27.838135;27.385274;26.868746;26.291069;25.655057;24.963808;24.220690;23.429324;22.593565;21.717485;20.805351;19.861609;18.890854;17.897818;16.887338;15.864336;14.833798;13.800743;12.770204;11.747203;10.736722;9.743686;8.772932;7.829189;6.917056;6.040975;5.205216;4.413850;3.670733;2.979484;2.343472;1.765795;1.249267;0.796405;0.409416;0.090185;0.000000;0.000000;0.000000;0.000000;0.000000;0.000000;0.000000;0.000000;0.000000;0.000000;0.000000;0.000000;0.000000;0.000000;0.000000;0.000000;0.000000;0.000000;0.000000;0.000000;0.000000;0.000000;0.000000;0.000000;0.000000;0.000000;0.000000;0.000000;0.000000;0.000000;0.000000;0.000000;0.000000;0.000000;0.000000;0.000000;0.000000;0.000000;0.000000;0.000000;0.000000;0.000000;0.000000;0.000000;0.000000;0.000000;0.027698;0.110276;0.246195;0.432925;0.666985;0.944017;1.258860;1.605648;1.977922;2.368747;2.770842;3.176718
n0_2;n1;2.070713;2.070713;2.070713;2.070713;2.070713;2.070713;2.070713;2.070713;2.070713;2.070713;2.070713;2.070713;2.070713;2.070713;2.070713;2.070713;2.070713;2.070713;2.070713;2.070713;2.070713;2.070713;2.070713;2.070713;2.070713;2.070713;2.070713;2.070713;2.070713;2.070713;2.070713;2.070713;2.070713;2.070713;2.070713;2.070713;2.070713;2.070713;2.070713;2.070713;2.070713;2.070713;2.070713;2.070713;2.070713;2.070713;2.070713;2.070713;2.070713;2.070713;2.070713;2.070713;2.070713;2.070713;2.070713;2.070713;2.070713;2.070713;2.070713;2.070713;2.070713;2.070713;2.070713;2.070713;2.070713;2.070713;2.070713;2.070713;2.070713;2.070713;2.070713;2.070713;2.070713;2.070713;2.070713;2.070713;2.070713;2.070713;2.070713;2.070713;2.070713;2.070713;2.070713;2.070713;2.070713;2.070713;2.070713;2.070713;2.070713;2.070713;2.070713;2.070713;2.070713;2.070713;2.070713;2.070713;2.070713;2.070713;2.070713;2.070713;2.070713
n1_2;n1;14.773321;14.773321;14.729377;14.599232;14.387889;14.103468;13.756901;13.361506;12.932476;12.486301;12.040125;11.611096;11.215700;10.869133;10.584713;10.373370;10.243225;10.243225;10.243225;10.243225;10.243225;10.243225;10.243225;10.243225;10.243225;10.243225;10.243225;10.243225;10.243225;10.243225;10.243225;10.243225;10.243225;10.243225;10.243225;10.243225;10.243225;10.243225;10.243225;10.243225;10.243225;10.243225;10.243225;10.243225;10.243225;10.243225;10.243225;10.243225;10.243225;10.243225;10.243225;10.243225;10.243225;10.243225;10.243225;10.243225;10.243225;10.243225;10.243225;10.243225;10.243225;10.243225;10.243225;10.243225;10.243225;10.243225;10.243225;10.243225;9.855822;8.920547;7.985273;7.985273;7.985273;7.985273;7.985273;7.985273;7.985273;7.985273;7.985273;7.985273;7.985273;7.985273;7.985273;7.985273;7.985273;7.985273;7.985273;7.985273;7.952727;7.855280;7.693504;7.468348;7.181133;6.833545;6.427625;5.965753;5.450640;4.885309;4.273079;3.617541;2.922542
n2_2;n1;68.392432;68.392432;68.582664;69.137949;70.013302;71.137805;72.420359;73.757059;75.039614;76.164117;77.039469;77.594755;77.594755;77.594755;77.594755;77.594755;77.594755;77.594755;77.594755;77.594755;77.594755;77.594755;77.594755;77.594755;77.594755;77.594755;77.594755;77.594755;77.594755;77.542319;77.385720;77.127077;76.769887;76.318979;75.780453;75.161590;74.470760;73.717305;72.911414;72.063986;71.186480;70.290763;69.388949;68.493232;67.615726;66.768298;65.962407;65.208952;64.518122;63.899259;63.360733;62.909825;62.552635;62.293992;62.137393;62.137393;62.137393;62.137393;62.137393;62.137393;62.137393;62.137393;62.137393;62.137393;62.137393;62.137393;62.137393;62.137393;62.095928;61.971818;61.765909;61.479608;61.114871;60.674189;60.160574;59.577532;58.929048;58.219551;57.453887;56.637286;55.775328;54.873900;53.939159;52.977491;51.995466;50.999790;49.997267;48.994743;47.999067;47.017042;46.055374;45.120633;44.219205;43.357247;42.540646;41.774983;41.065485;40.417001;39.833960;39.320344;38.879662
n0_0;n1_0;1.385795;1.385795;1.364375;1.300229;1.193699;1.045354;0.855985;0.626603;0.358431;0.052900;0.000000;0.000000;0.000000;0.000000;0.000000;0.000000;0.000000;0.000000;0.000000;0.000000;0.000000;0.000000;0.000000;0.000000;0.000000;0.000000;0.000000;0.000000;0.000000;0.000000;0.000000;0.000000;0.000000;0.000000;0.000000;0.000000;0.000000;0.000000;0.000000;0.000000;0.000000;0.000000;0.000000;0.000000;0.000000;0.000000;0.000000;0.000000;0.000000;0.000000;0.000000;0.000000;0.000000;0.000000;0.000000;0.000000;0.000000;0.000000;0.000000;0.000000;0.000000;0.000000;0.000000;0.000000;0.000000;0.000000;0.000000;0.000000;0.000000;0.000000;0.000000;0.000000;0.000000;0.000000;0.000000;0.000000;0.000000;0.000000;0.000000;0.000000;0.000000;0.000000;0.000000;0.000000;0.000000;0.000000;0.000000;0.000000;0.000000;0.000000;0.000000;0.000000;0.000000;0.000000;0.000000;0.000000;0.000000;0.000000;0.000000;0.000000;0.000000
n0_0;n2_0;99.400011;99.400011;99.400011;99.400011;99.400011;99.400011;99.400011;99.400011;99.400011;99.400011;99.400011;99.400011;99.400011;99.400011;99.400011;99.400011;99.400011;99.400011;99.400011;99.400011;99.400011;99.400011;99.400011;99.400011;99.400011;99.400011;99.400011;99.400011;99.400011;99.400011;99.400011;99.400011;99.400011;99.400011;99.400011;99.400011;99.400011;99.400011;99.400011;99.400011;99.400011;99.400011;99.400011;99.400011;99.400011;99.400011;99.400011;99.400011;99.400011;99.400011;99.400011;99.400011;99.400011;99.400011;99.400011;99.400011;99.400011;99.400011;99.400011;99.400011;99.400011;99.371760;99.287210;99.146969;98.952050;98.703855;98.404174;98.055164;97.659342;97.219559;96.738984;96.221079;95.669575;95.088447;94.481881;93.854247;93.210069;92.553986;91.890726;91.225069;90.561810;89.905727;89.261548;88.633915;88.027349;87.446221;86.894717;86.376812;85.896236;85.456453;85.060631;84.711622;84.411941;84.163746;83.968826;83.828586;83.744036;83.744036;83.744036;83.744036;83.744036
n0_1;n1_1;35.491130;35.491130;35.501186;35.531297;35.581295;35.650901;35.739725;35.847270;35.972936;36.116019;36.275718;36.451142;36.641309;36.845155;37.061540;37.289255;37.527026;37.773522;38.027367;38.287139;38.551387;38.818632;39.087380;39.356128;39.623374;39.887621;40.147394;40.401238;40.647735;40.885505;41.113220;41.329606;41.533452;41.723618;41.899042;42.058742;42.201825;42.327490;42.435035;42.523859;42.593465;42.643464;42.673575;42.673575;42.673575;42.673575;42.673575;42.673575;42.673575;42.673575;42.673575;42.673575;42.673575;42.673575;42.673575;42.673575;42.673575;42.673575;42.673575;42.673575;42.673575;42.673575;42.673575;42.673575;42.673575;42.673575;42.673575;42.673575;42.673575;42.673575;42.673575;42.673575;42.673575;42.673575;42.676422;42.684837;42.698455;42.716678;42.738711;42.763591;42.790230;42.817464;42.844103;42.868983;42.891016;42.909239;42.922856;42.931272;42.931272;42.968210;43.078877;43.262836;43.519362;43.847443;44.245782;44.712810;45.246681;45.845290;46.506273;47.227023;48.004695
n0_1;n2_1;67.361952;67.361952;67.361952;67.361952;67.361952;67.361952;67.361952;67.361952;67.361952;67.361952;67.361952;67.361952;67.361952;67.361952;67.361952;67.361952;67.361952;67.361952;67.361952;67.361952;67.361952;67.361952;67.361952;67.361952;67.347382;67.303804;67.231613;67.131462;67.004259;66.851155;66.673538;66.473014;66.251402;66.010706;65.753108;65.480940;65.196667;64.902863;64.602190;64.297369;63.991161;63.686341;63.385667;63.091863;62.807590;62.535422;62.277824;62.037129;61.815516;61.614993;61.437375;61.284271;61.157068;61.056918;60.984726;60.941149;60.941149;60.941149;60.941149;60.941149;60.941149;60.941149;60.941149;60.941149;60.941149;60.941149;60.941149;60.941149;60.941149;60.941149;60.941149;60.941149;60.941149;60.941149;60.941149;60.941149;60.941149;60.941149;60.941149;60.941149;60.941149;60.941149;60.941149;60.941149;60.941149;60.941149;60.941149;60.941149;60.941149;60.941149;60.941149;60.941149;60.941149;60.941149;60.941149;60.941149;60.941149;60.941149;60.941149;60.941149;60.941149
n0_2;n1_2;93.212785;93.212785;93.209323;93.198968;93.181801;93.157961;93.127641;93.091083;93.048583;93.000483;92.947170;92.889073;92.826660;92.760433;92.690926;92.618699;92.544332;92.468425;92.391589;92.314442;92.237606;92.161699;92.087332;92.015104;91.945598;91.879371;91.816958;91.758861;91.705547;91.657447;91.614947;91.578390;91.548069;91.524230;91.507063;91.496707;91.496707;91.496707;91.496707;91.496707;91.496707;91.496707;91.496707;91.496707;91.496707;91.496707;91.496707;91.496707;91.496707;91.496707;91.496707;91.496707;91.496707;91.496707;91.496707;91.496707;91.496707;91.496707;91.496707;91.496707;91.496707;91.496707;91.496707;91.496707;91.496707;91.496707;91.496707;91.496707;91.496707;91.496707;91.496707;91.496707;91.496707;91.496707;91.496707;91.496707;91.496707;91.496707;91.496707;91.496707;91.496707;91.496707;91.447339;91.299657;91.054920;90.715217;90.283445;89.763288;89.159185;88.476289;87.720427;86.898047;86.016165;85.082305;84.104436;83.090898;82.050341;80.991641;79.923830;78.856020;77.797320
n0_2;n2_2;34.313230;34.313230;34.284054;34.196645;34.051364;33.848806;33.589805;33.275424;32.906955;32.485913;32.014027;31.493237;30.925683;30.313697;29.659794;28.966660;28.237144;27.474244;26.681095;25.860956;25.017196;24.153284;23.272769;22.379269;21.476457;20.568041;19.657755;18.749339;17.846526;16.953026;16.072511;15.208599;14.364840;13.544700;12.751551;11.988651;11.259135;10.566002;9.912098;9.300112;8.732558;8.211768;7.739883;7.318840;6.950372;6.635991;6.376989;6.174432;6.029150;5.941742;5.941742;5.896428;5.760898;5.536379;5.224904;4.829294;4.353131;3.800728;3.177087;2.487857;1.739279;0.938132;0.091671;0.000000;0.000000;0.000000;0.000000;0.000000;0.000000;0.000000;0.000000;0.000000;0.000000;0.000000;0.000000;0.000000;0.000000;0.000000;0.000000;0.000000;0.000000;0.000000;0.000000;0.000000;0.000000;0.000000;0.000000;0.000000;0.000000;0.000000;0.000000;0.000000;0.000000;0.000000;0.000000;0.000000;0.000000;0.000000;0.000000;0.000000;0.000000
n1_0;n0_0;76.812908;76.812908;76.863290;77.013979;77.263610;77.609923;78.049782;78.579203;79.193392;79.886786;80.653106;81.485412;82.376167;83.317303;84.300298;85.316249;86.355957;87.410004;88.468846;89.522894;90.562601;91.578553;92.561548;93.502684;94.393439;95.225745;95.992065;96.685459;97.299647;97.829068;98.268927;98.615241;98.864872;99.015561;99.015561;98.884612;98.568475;98.252337;98.252337;98.837739;100.000000;100.000000;100.000000;100.000000;100.000000;100.000000;100.000000;100.000000;100.000000;100.000000;100.000000;100.000000;100.000000;100.000000;100.000000;100.000000;100.000000;100.000000;100.000000;100.000000;100.000000;100.000000;100.000000;100.000000;100.000000;100.000000;100.000000;100.000000;100.000000;100.000000;100.000000;100.000000;100.000000;100.000000;100.000000;100.000000;100.000000;100.000000;100.000000;100.000000;100.000000;100.000000;100.000000;100.000000;100.000000;100.000000;100.000000;100.000000;100.000000;100.000000;100.000000;100.000000;100.000000;100.000000;100.000000;100.000000;100.000000;100.000000;100.000000;100.000000;100.000000
n1_0;n2_0;6.088080;6.088080;6.131839;6.262478;6.478092;6.775537;7.150476;7.597441;8.109914;8.680422;9.300646;9.961542;10.653472;11.366347;12.089771;12.813194;13.526069;14.217999;14.878895;15.499119;16.069628;16.582100;17.029065;17.404004;17.701449;17.917063;18.047702;18.047702;18.012030;17.905317;17.728474;17.483010;17.171019;16.795163;16.358648;15.865199;15.319025;14.724787;14.087554;13.412762;12.706170;11.973805;11.221915;10.456916;9.685334;8.913752;8.148753;7.396864;6.664499;5.957906;5.283115;4.645882;4.051644;3.505470;3.012021;2.575506;2.199650;1.887659;1.642195;1.465352;1.358639;1.358639;1.358639;1.358639;1.358639;1.358639;1.358639;1.358639;1.358639;1.358639;1.358639;1.358639;1.358639;1.358639;1.358639;1.358639;1.358639;1.358639;1.358639;1.358639;1.358639;1.358639;1.358639;1.358639;1.358639;1.358639;1.358639;1.358639;1.358639;1.358639;1.358639;1.358639;1.358639;1.358639;1.358639;1.358639;1.358639;1.358639;1.358639;1.358639;1.358639
n1_1;n0_1;23.419224;23.419224;23.422565;23.432565;23.449164;23.472258;23.501706;23.537327;23.578900;23.626169;23.678842;23.736596;23.799073;23.865889;23.936632;24.010866;24.088132;24.167955;24.249843;24.333290;24.417782;24.502798;24.587814;24.672306;24.755753;24.837641;24.917464;24.994730;25.068964;25.139707;25.206523;25.269001;25.326754;25.379428;25.426697;25.468270;25.503890;25.533338;25.556433;25.573031;25.583032;25.583032;25.651492;25.856012;26.194020;26.661264;27.251870;27.958410;28.771999;29.682406;30.678180;31.746802;32.874830;34.048081;35.251799;36.470848;37.689897;38.893615;40.066866;41.194894;42.263515;43.259290;44.169697;44.983285;45.689825;46.280431;46.747676;47.085684;47.290204;47.290204;46.595024;45.204663;45.204663;45.231500;45.311549;45.443441;45.624921;45.852881;46.123423;46.431917;46.773084;47.141088;47.529631;47.932065;48.341505;48.750945;49.153379;49.541922;49.909926;50.251093;50.559587;50.830129;51.058090;51.239569;51.371461;51.451511;51.451511;51.437562;51.395821;51.326606;51.230444
n1_1;n2_1;48.893036;48.893036;48.769852;48.407459;47.826918;47.061967;46.157064;45.164797;44.142834;43.150568;42.245665;41.480714;40.900173;40.537780;40.537780;40.599423;40.772143;41.021731;41.298753;41.548341;41.721061;41.721061;42.049137;42.945456;44.169852;45.394247;46.290566;46.290566;46.309702;46.366986;46.462047;46.594268;46.762792;46.966525;47.204147;47.474116;47.774681;48.103894;48.459618;48.839548;49.241219;49.662026;50.099240;50.550026;51.011459;51.480548;51.954250;52.429494;52.903196;53.372285;53.833718;54.284504;54.721718;55.142525;55.544196;55.924126;56.279850;56.609063;56.909628;57.179597;57.417219;57.620952;57.789476;57.921697;58.016757;58.074042;58.074042;58.074042;58.074042;58.074042;58.074042;58.074042;58.074042;58.074042;58.074042;58.074042;58.074042;58.074042;58.074042;58.074042;58.074042;58.074042;58.074042;58.074042;58.074042;58.074042;58.074042;58.074042;58.074042;58.074042;58.074042;58.074042;58.074042;58.074042;58.074042;58.074042;58.074042;58.074042;58.074042;58.074042;58.074042
n1_2;n0_2;27.838318;27.838318;27.733183;27.419921;26.904907;26.198627;25.315457;24.273378;23.093601;21.800145;20.419340;18.979296;17.509327;16.039359;14.599315;13.218510;11.925054;10.745277;9.703197;8.820028;8.113747;7.598734;7.285471;7.285471;7.077885;6.576728;6.075571;6.075571;6.140392;6.334304;6.655651;7.101693;7.668623;8.351606;9.144813;10.041477;11.033949;12.113761;13.271701;14.497888;15.781863;17.112670;18.478956;19.869064;21.271134;22.673203;24.063311;25.429597;26.760404;28.044379;29.270567;30.428506;31.508318;32.500790;33.397455;34.190662;34.873644;35.440574;35.886616;36.207964;36.401875;36.401875;36.405186;36.415101;36.431572;36.454520;36.483832;36.519365;36.560947;36.608374;36.661417;36.719815;36.783286;36.851519;36.924182;37.000922;37.081364;37.165116;37.251770;37.340905;37.432086;37.524868;37.618800;37.713424;37.808280;37.902904;37.996836;38.089618;38.180799;38.269934;38.356588;38.440340;38.520782;38.597522;38.670185;38.738418;38.801889;38.860287;38.913330;38.960757;39.002339
n1_2;n2_2;59.398740;59.398740;59.406799;59.430935;59.471031;59.526893;59.598247;59.684746;59.785968;59.901421;60.030542;60.172702;60.327208;60.493308;60.670193;60.857000;61.052819;61.256697;61.467640;61.684621;61.906582;62.132442;62.361101;62.591445;62.822351;63.052695;63.281354;63.507214;63.729175;63.946156;64.157099;64.360977;64.556796;64.743603;64.920488;65.086588;65.241094;65.383254;65.512375;65.627828;65.729051;65.815550;65.886903;65.942765;65.982861;66.006997;66.006997;66.006997;66.006997;66.006997;66.006997;66.006997;66.006997;66.006997;66.006997;65.907437;65.612145;65.131179;64.480917;63.683502;62.766090;61.759922;60.699261;59.620229;58.559569;57.553400;56.635988;55.838573;55.188311;54.707345;54.412053;54.412053;54.558382;54.990031;55.685356;56.609489;57.716092;58.949674;60.248379;61.547083;62.780665;63.887268;64.811402;65.506726;65.938375;65.938375;65.938375;65.938375;65.938375;65.938375;65.938375;65.938375;65.938375;65.938375;65.938375;65.938375;65.938375;65.938375;65.938375;65.938375;65.938375
n2_0;n0_0;85.280824;85.280824;85.481634;86.064409;86.972102;88.115861;89.383729;90.651596;91.795356;92.703049;93.285824;93.285824;93.373261;93.631187;94.046669;94.598874;95.260110;95.997221;96.773246;97.549270;98.286381;98.947618;99.499822;99.915304;100.000000;100.000000;100.000000;100.000000;100.000000;100.000000;100.000000;100.000000;100.000000;100.000000;100.000000;100.000000;100.000000;100.000000;100.000000;100.000000;100.000000;100.000000;100.000000;100.000000;100.000000;100.000000;100.000000;100.000000;100.000000;100.000000;100.000000;100.000000;100.000000;100.000000;100.000000;100.000000;100.000000;100.000000;100.000000;100.000000;100.000000;100.000000;100.000000;100.000000;100.000000;100.000000;100.000000;100.000000;100.000000;100.000000;100.000000;100.000000;100.000000;100.000000;100.000000;100.000000;100.000000;100.000000;100.000000;100.000000;100.000000;100.000000;100.000000;100.000000;100.000000;100.000000;100.000000;100.000000;100.000000;100.000000;100.000000;100.000000;100.000000;100.000000;100.000000;100.000000;100.000000;100.000000;100.000000;100.000000;100.000000
n2_0;n1_0;61.767391;61.767391;61.767391;61.767391;61.767391;61.767391;61.767391;61.767391;61.767391;61.767391;61.767391;61.767391;61.767391;61.767391;61.767391;61.767391;61.767391;61.767391;61.767391;61.767391;61.767391;61.767391;61.767391;61.767391;61.767391;61.767391;61.767391;61.767391;61.767391;61.767391;61.767391;61.767391;61.767391;61.767391;61.767391;61.767391;61.767391;61.767391;61.767391;61.767391;61.767391;61.767391;61.767391;61.767391;61.767391;61.767391;61.767391;61.767391;61.767391;61.767391;61.767391;61.767391;61.767391;61.767391;61.767391;61.767391;61.767391;61.767391;61.767391;61.767391;61.767391;61.767391;61.767391;61.767391;61.767391;61.767391;61.767391;61.767391;61.767391;61.767391;61.767391;61.767391;61.767391;61.767391;61.767391;61.767391;61.767391;61.767391;61.767391;61.767391;61.767391;61.767391;61.767391;61.767391;61.767391;61.767391;61.767391;61.767391;61.767391;61.824626;61.994591;62.272122;62.648787;63.113141;63.651074;64.246241;64.880560;65.534756;66.188952;66.823271;67.418439
n2_1;n0_1;1.882974;1.882974;1.882974;1.882974;1.882974;1.882974;1.882974;1.882974;1.882974;1.882974;1.882974;1.882974;1.882974;1.882974;1.882974;1.882974;1.882974;1.882974;1.882974;1.882974;1.882974;1.882974;1.882974;1.882974;1.882974;1.882974;1.882974;1.882974;1.882974;1.882974;1.882974;1.882974;1.882974;1.882974;1.882974;1.882974;1.882974;1.882974;1.882974;1.882974;1.882974;1.882974;1.882974;1.882974;1.882974;1.882974;1.882974;1.882974;1.882974;1.882974;1.882974;1.882974;1.882974;1.882974;1.882974;1.882974;1.882974;1.882974;1.882974;1.882974;1.882974;1.882974;1.882974;1.882974;1.882974;1.882974;1.882974;1.882974;1.882974;1.882974;1.882974;1.882974;1.945918;2.134246;2.446439;2.879986;3.431394;4.096225;4.869125;5.743872;6.713423;7.769971;8.905010;10.109402;11.373448;12.686972;14.039397;15.419836;16.817174;18.220159;19.617496;20.997935;22.350361;23.663885;24.927931;26.132322;27.267361;28.323909;29.293460;30.168207;30.941108
n2_1;n1_1;50.592715;50.592715;50.592715;50.592715;50.592715;50.592715;50.592715;50.592715;50.592715;50.592715;50.592715;50.592715;50.592715;50.592715;50.592715;50.592715;50.592715;50.897019;51.749658;52.981757;54.349284;55.581383;56.434022;56.434022;56.340475;56.067412;55.636955;55.083977;54.453277;53.795951;53.165251;52.612273;52.181816;51.908753;51.908753;51.908753;51.908753;51.908753;51.908753;51.908753;51.908753;51.908753;51.908753;51.908753;51.908753;51.908753;51.908753;51.908753;51.908753;51.908753;51.908753;51.908753;51.908753;51.908753;51.908753;51.908753;51.908753;51.908753;51.908753;51.908753;51.908753;51.908753;51.908753;51.908753;51.908753;51.908753;51.908753;51.908753;51.908753;51.908753;51.908753;51.908753;51.908753;51.908753;51.908753;51.908753;51.908753;51.908753;51.908753;51.908753;51.908753;51.908753;51.908753;51.908753;51.908753;51.908753;51.908753;51.908753;51.908753;51.908753;51.908753;51.908753;51.908753;51.908753;51.908753;51.908753;51.908753;51.908753;51.908753;51.908753;51.908753
n2_2;n0_2;13.366310;13.366310;13.345485;13.286178;13.197420;13.092723;12.988026;12.899268;12.839962;12.839962;12.857409;12.909674;12.996523;13.117568;13.272268;13.459932;13.679723;13.930658;14.211618;14.521346;14.858460;15.221454;15.608707;16.018490;16.448971;16.898229;17.364257;17.844974;18.338232;18.841829;19.353515;19.871005;20.391988;20.914137;21.435121;21.952611;22.464297;22.967894;23.461152;23.941869;24.407897;24.857155;25.287636;25.697418;26.084672;26.447666;26.784780;27.094508;27.375467;27.626403;27.846193;28.033858;28.188558;28.309603;28.396451;28.448716;28.448716;28.388869;28.209981;27.914014;27.504209;26.985058;26.362247;25.642600;24.834003;23.945313;22.986269;21.967376;20.899799;19.795235;18.665784;17.523821;16.381859;15.252408;14.147843;13.080266;12.061374;11.102329;10.213639;9.405042;8.685395;8.062584;7.543433;7.133628;6.837661;6.658774;6.658774;6.658774;6.658774;6.658774;6.658774;6.658774;6.658774;6.658774;6.658774;6.658774;6.658774;6.658774;6.658774;6.658774;6.658774
n2_2;n1_2;72.052730;72.052730;72.074835;72.141038;72.251000;72.404163;72.599745;72.836749;73.113969;73.429990;73.783204;74.171810;74.593827;75.047106;75.529337;76.038061;76.570687;77.124501;77.696681;78.284310;78.884395;79.493877;80.109651;80.728579;81.347507;81.963282;82.572764;83.172849;83.760478;84.332657;84.886471;85.419098;85.927822;86.410053;86.863331;87.285349;87.673955;88.027168;88.343190;88.620410;88.857414;89.052996;89.206158;89.316121;89.382324;89.382324;89.382324;89.382324;89.382324;89.382324;89.382324;89.310193;89.094542;88.737584;88.242980;87.615807;86.862499;85.990788;85.009618;83.929057;82.760193;81.515020;80.206316;78.847509;77.452542;76.035731;74.611613;73.194802;71.799835;70.441028;69.132324;67.887151;66.718287;65.637726;64.656556;63.784845;63.031538;62.404364;61.909761;61.552802;61.337151;61.337151;61.473449;61.861595;62.442496;63.127715;63.812934;64.393835;64.781980;64.781980;64.781980;64.781980;64.781980;64.781980;64.781980;64.781980;64.781980;64.781980;64.781980;64.781980;64.781980
